userid,email,first_name,last_name
1,escanlan0@stanford.edu,Editha,Scanlan
2,fcorroyer1@ftc.gov,Ferrel,Corroyer
3,bvahl2@google.cn,Brewster,Vahl
4,bcockerham3@amazonaws.com,Brianna,Cockerham
5,elaba4@tiny.cc,Eamon,Laba
6,sbohlens5@yandex.ru,Sande,Bohlens
7,bmaccrie6@goo.ne.jp,Brod,Maccrie
8,kbaynam7@nymag.com,Keir,Baynam
9,lpassfield8@harvard.edu,Luci,Passfield
10,dallicock9@edublogs.org,Deane,Allicock
11,rsoniera@naver.com,Renault,Sonier
12,rconnockb@stanford.edu,Ruttger,Connock
13,hjupec@bandcamp.com,Hildagarde,Jupe
14,lpleagerd@webmd.com,Lane,Pleager
15,omighelie@reference.com,Olympe,Migheli
16,mlebournf@timesonline.co.uk,Meaghan,Lebourn
17,tmacnalleyg@icq.com,Tynan,MacNalley
18,bpenkeh@patch.com,Brooks,Penke
19,alangshawi@moonfruit.com,Antoine,Langshaw
20,kwiddupj@dropbox.com,Krissy,Widdup
21,ahollingbyk@so-net.ne.jp,Alfie,Hollingby
22,asharpusl@imageshack.us,Antonetta,Sharpus
23,nmacgillreichm@china.com.cn,Noby,MacGillreich
24,gallcottn@mail.ru,Gennie,Allcott
25,wjacklingso@printfriendly.com,Wendy,Jacklings
26,slyttlep@fda.gov,Salaidh,Lyttle
27,pshepherdq@irs.gov,Phebe,Shepherd
28,bflowittr@last.fm,Bethina,Flowitt
29,mstollenwercks@house.gov,Melantha,Stollenwerck
30,ggatlandt@barnesandnoble.com,Garrard,Gatland
31,gpiercyu@t.co,Georg,Piercy
32,hswabeyv@vinaora.com,Hallsy,Swabey
33,cpapworthw@seattletimes.com,Collete,Papworth
34,ndallisonx@redcross.org,Nettie,Dallison
35,hlinkey@123-reg.co.uk,Hieronymus,Linke
36,dszreterz@nyu.edu,Deeann,Szreter
37,bthirlwell10@wix.com,Brandea,Thirlwell
38,acapaldi11@xinhuanet.com,Antonella,Capaldi
39,twoonton12@eepurl.com,Tabatha,Woonton
40,twenderott13@symantec.com,Thelma,Wenderott
41,gjouning14@tumblr.com,Gusti,Jouning
42,lhalson15@jiathis.com,Lavinie,Halson
43,clintall16@who.int,Cher,Lintall
44,gkollaschek17@google.cn,Gaelan,Kollaschek
45,cnowill18@booking.com,Carmelita,Nowill
46,odevonald19@forbes.com,Osborn,Devonald
47,rstrowthers1a@huffingtonpost.com,Richmond,Strowthers
48,omedgwick1b@ycombinator.com,Orella,Medgwick
49,wdemichele1c@unesco.org,Worth,De Michele
50,nvinas1d@issuu.com,Neila,Vinas
51,mdoy1e@meetup.com,Meredeth,Doy
52,mwhitely1f@nationalgeographic.com,Morris,Whitely
53,cderr1g@phoca.cz,Cate,Derr
54,jbellchamber1h@mysql.com,Jared,Bellchamber
55,pcassam1i@surveymonkey.com,Petr,Cassam
56,gstickley1j@liveinternet.ru,Gabriel,Stickley
57,lbiggerstaff1k@go.com,Loralyn,Biggerstaff
58,nkirby1l@dion.ne.jp,Nathalia,Kirby
59,atuffell1m@china.com.cn,Alison,Tuffell
60,ostockle1n@vk.com,Olivie,Stockle
61,dmcfarland1o@apple.com,Demetre,McFarland
62,mlukianovich1p@samsung.com,Maribeth,Lukianovich
63,pserjent1q@nymag.com,Papagena,Serjent
64,gbaroch1r@hostgator.com,Gal,Baroch
65,erigg1s@themeforest.net,Etheline,Rigg
66,tordidge1t@oracle.com,Toby,Ordidge
67,tblais1u@thetimes.co.uk,Thatcher,Blais
68,sstorek1v@go.com,Silvia,Storek
69,oglentworth1w@vimeo.com,Ogdan,Glentworth
70,skenningley1x@tripadvisor.com,Sherwynd,Kenningley
71,chinz1y@stumbleupon.com,Cori,Hinz
72,lwitt1z@army.mil,Leila,Witt
73,mviccars20@intel.com,Micheil,Viccars
74,kpawels21@macromedia.com,Kristel,Pawels
75,fconnikie22@time.com,Felisha,Connikie
76,bjiroutek23@artisteer.com,Birgit,Jiroutek
77,uyockley24@wikipedia.org,Udale,Yockley
78,vadolthine25@mail.ru,Valentijn,Adolthine
79,pvarrow26@zdnet.com,Porter,Varrow
80,selse27@multiply.com,Stesha,Else
81,vskudder28@unblog.fr,Verena,Skudder
82,codcroft29@columbia.edu,Caroline,Odcroft
83,cpechan2a@google.co.uk,Coleen,Pechan
84,fcoombes2b@hud.gov,Fran,Coombes
85,rdorricott2c@sciencedaily.com,Reid,Dorricott
86,rlanfer2d@cornell.edu,Red,Lanfer
87,cikins2e@marriott.com,Cosimo,Ikins
88,sdempsey2f@about.me,Steffen,Dempsey
89,hbrobeck2g@nps.gov,Herbie,Brobeck
90,jtschirasche2h@ask.com,Jobi,Tschirasche
91,tjepperson2i@upenn.edu,Tome,Jepperson
92,aterbrug2j@go.com,Ashton,Terbrug
93,awoolard2k@fotki.com,Andre,Woolard
94,kpittson2l@tmall.com,Kele,Pittson
95,bgusney2m@etsy.com,Bee,Gusney
96,zsheldrick2n@archive.org,Zaria,Sheldrick
97,sfrissell2o@networkadvertising.org,Sande,Frissell
98,wrochford2p@globo.com,Warner,Rochford
99,kbeevors2q@wsj.com,Kerrill,Beevors
100,stourle2r@scribd.com,Star,Tourle
